{
    "values": [
        {
            "cotacaoCompra": 5.50840,
            "cotacaoVenda": 5.51120,
            "dataHoraCotacao": "2022-07-06 10:06:15.609"
        }
    ]
}